,aqi,pm10,co,o3,so2,no2,pm25,city_name,lon,lat,state_code
0,25,1.12976,304.163,54.0,0.216765,0.290849,0.847324,Whitlocks Mill,-67.24,45.17,ME
1,34,1.03505,293.314,73.4031,0.149012,0.225249,0.631691,"VA Boston Healthcare System, West Roxbury Campus",-67.84,46.13,ME
2,25,10.0,148.85,54.0,0.0,0.0,4.4,McGraw,-68,46.79,ME
3,24,4.14108,355.899,52.0,0.0,1.4914,3.10581,Bar Harbor,-68.2,44.39,ME
4,30,0.944581,275.373,64.0,0.325963,0.347412,0.708436,Bangor,-68.78,44.8,ME
5,23,1.24744,276.208,50.0,0.370666,0.352098,0.768193,Waterville,-69.65,44.55,ME
6,24,1.24744,276.208,52.0,0.370666,0.352098,0.935578,Augusta,-69.78,44.31,ME
7,26,3.0309,310.421,55.5,0.878237,2.5,3.0,Lewiston,-70.22,44.1,ME
8,28,4.26432,478.148,60.0,0.372529,2.5,3.0,Munjoy Hill,-70.25,43.67,ME
9,40,10.2901,148.85,86.75,0.625,2.85714,7.71755,West Town Landing,-70.88,42.52,MA
10,37,2.33268,343.5,80.2857,0.625,8.75,1.74951,Mount Pleasant,-70.94,41.66,MA
11,40,5.40205,148.85,86.75,0.625,2.85714,4.05154,South End,-71.07,42.33,MA
12,36,1.51945,343.5,77.0,0.625,8.75,1.13959,Newport,-71.31,41.49,RI
13,50,13.0,160.3,90.4444,0.9375,2.85714,12.0,Lowell,-71.32,42.63,MA
14,35,4.98548,343.5,76.0,0.625,6.25,3.73911,Providence,-71.41,41.82,RI
15,44,13.0,160.3,94.8571,0.833333,2.5,9.0,Manchester,-71.46,43,NH
16,44,13.0,160.3,96.0,0.833333,0.534172,7.0,Concord,-71.54,43.21,NH
17,40,3.87131,171.75,85.5,0.0,3.75,2.90348,Belmont Hill,-71.8,42.27,MA
18,44,14.0,399.292,77.5,0.575557,1.40304,10.5,New London,-72.1,41.36,CT
19,39,2.46133,103.05,84.0,0.0,0.434433,1.846,Montpelier,-72.58,44.26,VT
20,42,13.0,309.15,90.5,1.25,2.5,8.0,McKnight and Bay,-72.58,42.12,MA
21,39,14.0,280.525,84.0,0.625,3.75,7.8,Hartford,-72.68,41.77,CT
22,39,14.0,280.525,84.4444,0.0,4.6875,7.8,Whitneyville,-72.9,41.33,CT
23,37,14.0,221.367,79.7143,0.0,4.6875,7.8,Waterbury,-73.05,41.55,CT
24,39,14.0,251.9,83.5,0.0,6.25,7.8,Bridgeport,-73.2,41.18,CT
25,39,2.22551,223.275,84.0,0.0,2.5,1.66913,Burlington,-73.21,44.48,VT
26,43,4.81839,308.335,94.0,0.743195,0.392931,3.61379,Pittsfield,-73.26,42.45,MA
27,31,2.22551,343.5,66.4294,1.28709,2.5,1.66913,River Heights Mobile Home Community,-73.46,44.69,NY
28,40,13.0,114.5,86.0,0.0,5.0,7.6,Stamford,-73.54,41.05,CT
29,39,5.52355,307.5,84.0,0.650994,0.753731,4.14266,Saratoga Springs,-73.79,43.08,NY
30,39,5.87804,329.614,84.0,0.746921,0.788539,4.40853,North Bethlehem,-73.82,42.67,NY
31,26,2.47402,343.8,56.5,0.91549,1.12323,1.85552,Poughkeepsie,-73.92,41.7,NY
32,39,5.52355,307.5,84.0,0.650994,0.753731,4.14266,Schenectady,-73.94,42.81,NY
33,39,13.0,341.21,84.0,0.5,7.08333,8.5,Tudor City,-73.98,40.75,NY
34,39,13.0,341.21,84.9231,0.416667,6.25,8.5,Paterson,-74.17,40.92,NJ
35,39,13.0,341.21,84.8571,0.416667,6.25,8.5,Oak Island Junction,-74.17,40.7,NJ
36,38,5.85211,416.815,82.0,0.0,0.82067,3.70073,Atlantic City,-74.42,39.36,NJ
37,55,18.0,480.9,85.0,0.833333,10.25,14.5,Trenton,-74.74,40.22,NJ
38,58,18.0,437.39,82.8571,0.75,12.1875,15.8,Tioga,-75.17,40,PA
39,88,8.55858,311.255,150.204,0.853091,0.696164,3.8,Utica,-75.23,43.1,NY
40,29,3.15621,372.589,63.1429,0.0,0.900996,2.36716,Allentown,-75.5,40.6,PA
41,37,6.03426,388.443,81.0,0.0,0.910368,4.52569,Goldsboro,-75.52,39.16,DE
42,58,18.0,426.513,81.8462,0.535714,10.0,15.8,Wilmington,-75.55,39.75,DE
43,30,4.68875,329.196,64.5,0.627711,0.522792,3.51656,Scranton,-75.66,41.41,PA
44,7,1.78649,365.496,14.3498,0.0760192,0.00322666,0.468115,Kitty Hawk Beach,-75.7,36.08,NC
45,33,3.83121,357.568,72.0,1.46963,0.441796,2.87341,Wilkes-Barre,-75.88,41.25,PA
46,37,1.60991,281.215,80.0,0.415836,0.463217,1.04726,Watertown,-75.91,43.98,NY
47,72,5.68051,304.163,137.329,0.924803,0.639266,4.26039,Binghamton,-75.92,42.1,NY
48,19,3.44205,114.5,41.0,0.0,1.25,2.58154,Virginia Beach,-75.98,36.85,VA
49,37,6.97309,312.09,80.0,0.819564,1.05629,4.72085,Syracuse,-76.15,43.05,NY
50,21,1.71459,114.5,45.3333,0.625,1.25,1.28594,Norfolk,-76.28,36.85,VA
51,35,3.98657,384.688,75.5,1.70991,0.863511,2.98993,Lancaster,-76.31,40.04,PA
52,21,1.71459,114.5,45.3333,0.625,1.25,1.28594,Hampton,-76.35,37.03,VA
53,29,8.19018,346.362,63.5385,0.9375,11.8056,6.14263,Annapolis,-76.49,38.98,MD
54,39,7.96015,302.494,84.0,1.14553,0.978645,5.75355,Ithaca,-76.5,42.44,NY
55,32,2.61979,346.362,68.1538,1.25,12.1875,1.96485,Baltimore,-76.62,39.3,MD
56,33,3.42962,378.013,72.0,1.53668,0.785862,2.57222,York,-76.73,39.96,PA
57,24,4.54143,298.738,52.5,0.407454,0.537519,3.40607,Elmira,-76.81,42.09,NY
58,32,3.13424,386.357,69.0,1.52364,0.718923,2.35068,Harrisburg,-76.88,40.27,PA
59,27,7.64219,309.15,57.8182,0.0,8.125,5.73165,Saint Charles,-76.94,38.6,MD
60,25,3.08867,367.999,54.0,1.14553,0.647298,2.31651,Williamsport,-77,41.24,PA
61,29,4.69273,346.362,61.8462,0.0,8.47222,3.51955,East Central,-77.01,38.9,DC
62,28,4.69273,346.362,61.2308,0.0,7.77778,3.51955,Piney Court,-77.1,38.82,VA
63,54,22.0,375.509,34.5,0.194181,0.566302,14.0,Greenville,-77.37,35.61,NC
64,23,1.14154,183.2,49.0,0.0,1.875,0.856157,Petersburg,-77.4,37.23,VA
65,20,22.0,327.945,28.0,0.164378,0.764441,0.337748,Jacksonville,-77.43,34.75,NC
66,23,2.12562,183.2,49.0,0.0,1.875,1.59422,Richmond,-77.45,37.55,VA
67,20,6.22981,373.423,33.3333,0.765547,0.376866,4.89799,Fredericksburg,-77.46,38.3,VA
68,43,9.1,324.19,92.0,1.66334,2.98279,5.2,Rochester,-77.62,43.17,NY
69,31,1.80127,383.437,67.7143,1.55903,0.481959,1.35096,Hagerstown,-77.72,39.64,MD
70,18,0.417341,370.085,38.0,0.362284,0.570988,0.313005,Rocky Mount,-77.79,35.94,NC
71,29,1.59877,364.244,63.0,2.04891,0.661355,1.19907,State College,-77.86,40.79,PA
72,18,19.0,329.196,30.0,0.0,0.658678,4.0,Wilmington,-77.95,34.23,NC
73,33,22.0,370.92,27.0,0.309665,0.682106,8.0,Goldsboro,-77.99,35.39,NC
74,29,1.39009,368.416,62.0,1.29081,0.289845,1.04257,Winchester,-78.17,39.18,VA
75,23,1.96657,390.53,50.0,2.18675,1.67615,1.47493,Altoona,-78.39,40.52,PA
76,19,4.77387,358.403,42.0,0.614673,0.188767,3.5804,Charlottesville,-78.48,38.03,VA
77,54,23.0,188.925,32.0,0.0,3.75,14.0,Oberlin,-78.64,35.82,NC
78,24,1.71708,148.85,52.0,0.0,2.5,1.28781,Cumberland,-78.76,39.65,MD
79,24,2.2827,365.496,51.0,0.0,2.5,1.71203,Harrisonburg,-78.87,38.45,VA
80,40,9.68111,339.21,86.0,2.33948,3.73251,6.5,Buffalo,-78.88,42.88,NY
81,37,16.0,356.317,20.0,0.516884,0.784523,9.0,Fayetteville,-78.88,35.06,NC
82,40,16.0962,342.548,32.0,0.355765,0.783184,9.52078,Myrtle Beach,-78.89,33.69,SC
83,54,23.0,188.925,35.0,0.0,3.75,14.0,Durham,-78.92,36,NC
84,23,2.02701,372.171,49.0,3.62098,1.23837,1.52026,Johnstown,-78.92,40.33,PA
85,37,16.0,343.382,24.0,1.02073,0.799249,9.0,Lumberton,-79.01,34.63,NC
86,41,7.16651,314.176,88.0,1.88872,2.41515,6.5,Niagara Falls,-79.04,43.09,NY
87,14,2.67913,345.886,30.0,0.599772,0.225584,1.93242,Lynchburg,-79.14,37.41,VA
88,29,4.13428,361.741,62.0,0.675209,0.838074,2.73861,Jamestown,-79.24,42.1,NY
89,19,1.18015,357.568,41.3333,0.545755,0.343396,0.753543,Danville,-79.4,36.59,VA
90,55,19.33,341.296,24.0,1.15484,0.532164,14.4975,Florence,-79.76,34.2,SC
91,33,13.0,357.986,43.6,0.0,1.25,8.0,Greensboro,-79.8,36.07,NC
92,21,3.09018,343.5,46.0,0.0,3.75,2.31763,Roanoke,-79.94,37.27,VA
93,21,3.9768,378.013,44.5,2.99513,0.376866,2.9826,Morgantown,-79.96,39.63,WV
94,74,42.0,353.813,33.0,0.0,1.25,23.3,Avondale,-79.99,32.79,SC
95,32,4.5299,398.457,68.25,3.14415,1.70292,3.39742,Mount Washington,-80,40.43,PA
96,27,7.85007,361.741,58.0,0.0,1.08039,4.5,Erie,-80.08,42.13,PA
97,12,3.70129,325.024,26.0,2.41399,5.23194,2.77597,Gramercy Park,-80.12,26.75,FL
98,46,20.0,389.3,27.0,0.0,7.5,11.1,Miami Beach,-80.13,25.81,FL
99,46,20.0,389.3,26.4,0.0,7.5,11.1,Lazy Lake,-80.14,26.14,FL
100,46,20.0,389.3,27.0,0.0,7.5,11.1,Paradise Trailer Park,-80.22,25.79,FL
101,33,13.0,362.575,43.6,0.0,1.25,8.0,West Highlands,-80.26,36.11,NC
102,46,20.0,389.3,26.4,0.0,7.5,11.1,Coral Springs,-80.27,26.27,FL
103,40,20.0,389.3,26.0,0.0,7.5,9.5,South Miami,-80.29,25.72,FL
104,14,3.59954,335.455,30.0,0.516884,0.0871878,2.83978,White Sulphur Springs,-80.3,37.79,WV
105,34,4.5299,398.457,74.1818,3.33333,1.70292,3.39742,Beaver Falls,-80.32,40.75,PA
106,37,11.8295,324.607,28.6667,1.9148,4.36977,8.87215,Fort Pierce,-80.33,27.45,FL
107,34,4.56712,363.827,73.8502,2.88337,0.431755,3.97635,Clarksburg,-80.34,39.28,WV
108,25,8.79996,341.296,8.0,1.15298,0.451168,5.93284,Sumter,-80.34,33.92,SC
109,63,27.0,325.024,22.5,1.99303,4.92134,18.2,Vero Beach,-80.39,27.64,FL
110,21,1.03768,343.5,46.0,0.0,3.75,0.778263,Blacksburg,-80.41,37.23,VA
111,33,13.0,160.3,33.6667,0.625,1.66667,8.0,Salisbury,-80.47,35.67,NC
112,15,2.54013,302.076,32.6782,1.34669,2.20363,0.955639,Homestead,-80.48,25.47,FL
113,48,27.0,316.679,30.6667,0.864267,2.20363,11.5,Melbourne,-80.61,28.08,FL
114,35,7.38386,409.305,76.25,0.625,2.27592,5.5379,Youngstown,-80.65,41.1,OH
115,23,7.05145,347.972,28.0,0.0,0.543543,5.63891,Salem Plantation,-80.69,32.43,SC
116,31,4.60428,390.947,67.0,4.375,3.75,3.45321,Wheeling,-80.72,40.06,WV
117,49,19.2622,324.607,24.0,0.745058,2.0992,11.7,Titusville,-80.81,28.61,FL
118,37,12.0,160.3,25.6667,0.0,1.25,9.0,Charlotte,-80.83,35.2,NC
119,26,28.0,347.137,8.0,0.875443,0.388245,5.95625,Orangeburg,-80.86,33.5,SC
120,79,28.0,114.5,18.0,0.0,1.25,25.6,Woodfield,-80.9,34.04,SC
121,34,10.8673,335.872,14.0,1.65962,3.15416,8.15045,Daytona Beach,-81.02,29.21,FL
122,37,12.0,160.3,26.4,0.0,1.25,9.0,Boyd Hill,-81.03,34.94,SC
123,59,41.0,336.707,28.0,0.625,0.384229,16.2,Groveland,-81.11,32.02,GA
124,16,2.85737,329.196,34.4664,0.789762,0.142914,2.17091,Beckley,-81.18,37.78,WV
125,52,29.0,319.6,19.0,1.06357,1.60653,12.9,Palm Coast,-81.22,29.54,FL
126,33,10.593,329.196,20.6667,1.44541,1.76451,7.94478,Country Club Manor,-81.28,28.79,FL
127,60,36.0,572.5,13.0,1.15298,5.0,16.6,St. Augustine,-81.31,29.89,FL
128,12,1.16675,391.364,25.3333,1.18837,1.36287,0.875059,Hickory,-81.34,35.73,NC
129,32,5.74411,403.464,68.4,0.0,2.13669,4.30808,Canton,-81.38,40.8,OH
130,35,11.339,322.521,20.0,0.881962,1.45927,8.50427,South Orange Mobile Home Park,-81.38,28.51,FL
131,35,11.339,322.521,20.0,0.881962,1.45927,8.50427,Kissimmee,-81.41,28.29,FL
132,14,4.47652,325.441,24.0,1.25,1.23167,3.41884,Brunswick,-81.49,31.15,GA
133,59,21.0,137.4,70.5455,1.66667,1.25,16.2,Downtown,-81.52,41.07,OH
134,24,8.14563,379.682,35.0,1.25,0.583037,5.7929,Parkersburg,-81.56,39.27,WV
135,17,4.32746,357.568,36.0,2.31341,0.561617,3.2456,Charleston,-81.63,38.35,WV
136,52,36.0,308.335,16.0,0.64075,1.53692,13.0,Palatka,-81.65,29.65,FL
137,60,36.0,572.5,18.6667,1.25,3.75,16.6,Brooklyn,-81.67,30.33,FL
138,57,21.0,137.4,70.5455,1.875,1.25,15.1,Ohio City,-81.69,41.47,OH
139,53,18.0,349.641,27.0,0.254717,0.172367,13.5,Aiken,-81.72,33.55,SC
140,40,13.6497,315.011,18.5,1.25,1.82877,9.6,Winter Haven,-81.73,28.02,FL
141,25,4.28041,314.176,54.4488,0.815839,1.01211,2.45419,Key West,-81.78,24.56,FL
142,11,1.38543,291.228,23.0,0.33807,0.586384,1.03907,Naples,-81.79,26.14,FL
143,15,4.84537,299.99,23.0,0.473112,1.02149,3.63402,Palm and Pines Mobile Home Park,-81.86,26.64,FL
144,32,10.3408,322.104,18.5,1.05985,1.92784,7.75563,Leesburg,-81.88,28.81,FL
145,13,6.0,367.999,21.0,0.0,2.5,3.2,Spartanburg,-81.93,34.95,SC
146,15,4.84537,299.99,23.0,0.473112,1.02149,3.63402,Cape Coral,-81.98,26.6,FL
147,53,18.0,349.641,27.0,0.254717,0.172367,13.5,Augusta,-81.98,33.46,GA
148,33,9.83632,386.775,36.0,1.25,0.866188,8.05123,Zanesville,-82.01,39.94,OH
149,43,23.0,301.242,27.3333,0.215368,0.581029,10.3,Port Charlotte,-82.11,27,FL
150,36,11.4103,304.997,18.0,1.27777,1.31066,8.5577,Ocala,-82.14,29.19,FL
151,22,0.904959,330.031,46.6667,2.1875,0.171698,0.678719,Spring Garden,-82.18,36.61,VA
152,14,4.44428,315.428,18.0,0.466593,0.709551,3.33321,Gainesville,-82.33,29.65,FL
153,20,0.904959,330.031,43.0,2.1875,0.171698,0.678719,Johnson City,-82.35,36.31,TN
154,15,3.51845,360.072,31.4265,0.0690343,0.00917271,3.20003,Waycross,-82.35,31.21,GA
155,13,6.0,349.224,23.3333,0.0,2.5,3.2,Greenville,-82.39,34.85,SC
156,16,4.23922,353.813,34.8,0.0,0.50338,3.17941,Huntington,-82.45,38.42,WV
157,61,30.0,200.375,25.1111,0.25,4.375,17.1,Tampa,-82.46,27.95,FL
158,23,5.67587,415.564,50.0,1.07102,1.89303,4.51309,Mansfield,-82.52,40.76,OH
159,54,23.0,229.0,24.5,0.0,7.5,13.9,Sarasota,-82.53,27.34,FL
160,61,31.4959,171.75,27.3333,0.0,1.25,17.1,Willow Sink,-82.55,28.48,FL
161,16,0.0167417,363.827,34.5,1.25,0.832719,0.0125563,Asheville,-82.55,35.6,NC
162,22,1.35158,334.62,48.0,2.1875,0.131033,1.01368,Kingsport,-82.56,36.55,TN
163,25,8.1337,388.861,38.0,2.81259,0.874221,6.10028,Lancaster,-82.61,39.72,OH
164,20,6.26544,355.899,31.0,0.0993023,0.118984,4.69908,Lake City,-82.64,30.19,FL
165,12,6.0,338.793,26.0,0.0,2.5,1.9,Anderson,-82.65,34.5,SC
166,61,30.0,200.375,27.5556,0.0,4.375,17.1,St. Petersburg,-82.68,27.77,FL
167,14,1.12041,341.713,29.549,0.120141,0.0794898,1.02122,Douglas,-82.85,31.51,GA
168,15,0.0638395,382.185,32.5888,0.150874,0.239306,0.0535351,Dublin,-82.92,32.54,GA
169,32,10.3094,343.5,42.2857,2.46242,6.25,7.73205,Milo,-82.99,39.98,OH
170,71,26.0,629.75,51.7143,0.25,14.5833,21.6,Detroit,-83.08,42.33,MI
171,60,41.0,352.144,22.4411,0.157859,0.110951,16.4,Valdosta,-83.28,30.83,GA
172,71,26.0,629.75,56.0,0.25,14.5833,21.6,Pontiac,-83.29,42.65,MI
173,14,8.0,341.296,30.0,0.30268,0.626547,2.5,Athens,-83.38,33.96,GA
174,30,1.71141,301.659,64.0154,0.0597211,0.201151,0.194143,Alpena,-83.43,45.06,MI
175,33,10.6913,374.258,71.6,1.35787,3.64147,8.01846,Auburndale,-83.58,41.67,OH
176,17,8.0,323.772,36.0,0.49267,0.643951,3.0,Macon,-83.63,32.85,GA
177,34,10.6913,374.258,73.0,1.35787,3.64147,8.01846,Bowling Green,-83.65,41.37,OH
178,38,4.82509,299.99,82.0,1.27777,1.46194,3.61882,Flint,-83.69,43.01,MI
179,55,19.0,572.5,55.5,0.0,10.0,14.25,Ann Arbor,-83.72,42.3,MI
180,34,11.042,394.702,46.5714,1.90549,1.64937,8.28152,Springfield,-83.8,39.92,OH
181,26,6.66639,290.811,56.0,2.09361,1.61456,6.0,Bay City,-83.89,43.59,MI
182,20,1.17139,333.786,43.3333,0.529923,0.198474,0.878545,Knoxville,-83.92,35.97,TN
183,40,6.66639,290.811,86.0,2.09361,1.61456,4.99979,Saginaw,-83.95,43.42,MI
184,14,1.85818,346.72,30.0,0.371132,0.157306,1.39364,London,-84.08,37.13,KY
185,36,11.6188,387.192,62.0,0.0,1.37091,8.71412,Lima,-84.11,40.74,OH
186,18,0.0322288,322.938,40.0,0.19907,0.463217,0.0111399,Albany,-84.16,31.58,GA
187,35,11.2524,160.3,44.3636,1.875,1.79128,8.43934,Dayton,-84.2,39.75,OH
188,19,2.36989,342.131,41.0,0.922009,0.384229,1.77742,Oak Ridge,-84.27,36.01,TN
189,15,0.113467,380.099,33.0,0.183238,0.142914,0.0851,Tallahassee,-84.28,30.45,FL
190,12,0.395447,258.267,26.0,0.0888249,0.511413,0.296585,Sault Ste. Marie,-84.35,46.5,MI
191,12,4.0,417.925,24.0,0.625,4.58333,2.9,Buckhead,-84.4,33.83,GA
192,57,30.0,137.4,39.75,3.5,4.375,15.2,Cincinnati,-84.46,39.16,OH
193,21,3.5871,350.058,46.0,1.38767,0.380212,2.60782,Hollywood,-84.5,38.05,KY
194,57,30.0,137.4,39.75,3.5,4.375,15.2,Covington,-84.51,39.08,KY
195,12,4.0,417.925,24.0,0.625,4.58333,2.9,Marietta,-84.54,33.96,GA
196,30,2.07246,277.877,65.0,1.25,5.0,1.55434,Lansing,-84.55,42.73,MI
197,23,4.01699,351.31,49.0,1.44541,0.441127,3.18238,Frankfort,-84.87,38.2,KY
198,33,10.602,160.3,42.0,0.0,0.989356,7.95147,Richmond,-84.89,39.83,IN
199,26,0.630103,275.791,56.0582,0.129454,0.403641,0.25596,Petoskey,-84.96,45.37,MI
200,17,0.837965,374.675,36.6667,0.366941,0.396947,0.628473,Dalton,-84.97,34.77,GA
201,19,0.410743,389.278,42.0,1.53296,0.424392,0.308057,Dinglewood,-84.98,32.47,GA
202,34,28.0438,349.641,40.0,0.212574,0.000100179,8.20485,Apalachicola,-84.99,29.73,FL
203,19,1.26753,386.357,42.0,3.69176,0.871543,1.12564,La Grange,-85.03,33.04,GA
204,38,12.7947,372.589,70.0,1.25542,2.50887,9.19073,Dwenger Field,-85.13,41.08,IN
205,14,2.30951,270.784,30.0,0.496395,1.15135,1.73213,Battle Creek,-85.18,42.32,MI
206,17,1.11285,377.178,36.0,0.499189,0.378204,0.834638,East Chattanooga,-85.25,35.07,TN
207,36,11.5898,394.702,51.0,1.70246,1.29192,8.69234,Muncie,-85.39,40.19,IN
208,22,0.0864344,319.183,48.0,0.236323,0.708213,0.0648258,Dothan,-85.39,31.22,AL
209,24,1.17279,277.042,51.0,0.258442,0.0,0.879594,Cadillac,-85.41,44.25,MI
210,28,0.482146,380.099,60.4391,1.35973,0.389584,0.361609,Auburn,-85.48,32.61,AL
211,14,2.9432,268.281,30.0,0.865199,1.84216,2.2074,Kalamazoo,-85.59,42.29,MI
212,29,1.20195,272.036,62.0,0.245869,0.53618,0.332419,Traverse City,-85.62,44.77,MI
213,16,2.73486,386.357,34.0,0.177184,0.217551,2.05115,Panama City,-85.66,30.16,FL
214,38,12.322,390.947,52.0,1.59256,2.31608,9.24147,Marion,-85.66,40.56,IN
215,33,14.0,515.25,71.5,0.0,1.8127,8.0,Grand Rapids,-85.67,42.96,MI
216,39,22.0,160.3,43.75,1.5625,7.5,9.4,German Town,-85.75,38.23,KY
217,39,22.0,160.3,44.5714,1.5625,7.5,9.4,Graysville,-85.82,38.31,IN
218,22,0.466665,379.682,48.0,0.740401,0.306914,0.349999,Enterprise,-85.84,31.33,AL
219,36,12.2846,297.904,67.2,1.20513,3.75,8.6,Elkhart,-85.97,41.68,IN
220,21,0.943662,377.595,46.0,0.758097,0.540196,0.746529,Gadsden,-86.01,34.01,AL
221,37,11.9242,375.926,51.3333,1.38022,1.98407,8.92073,Kokomo,-86.13,40.49,IN
222,59,38.0,309.15,44.5,0.0,5.625,16.0,Indianapolis,-86.17,39.75,IN
223,33,14.0,381.351,70.6667,0.664964,5.03915,8.0,Muskegon,-86.25,43.23,MI
224,36,11.1751,292.063,63.7143,1.38395,3.75,8.6,South Bend,-86.25,41.68,IN
225,15,1.80673,384.271,32.0,1.05798,0.366825,1.50386,Montgomery,-86.28,32.36,AL
226,17,2.61029,366.33,36.0,1.45845,0.554253,1.95772,Murfreesboro,-86.39,35.85,TN
227,22,4.38323,352.561,48.0,1.16974,0.387576,3.30362,Bowling Green,-86.44,36.99,KY
228,33,6.99135,287.89,70.5,1.4659,3.75,5.24351,Shady Acres Mobile Home Village,-86.45,42.12,MI
229,25,8.04089,370.085,54.0,3.14415,0.9184,5.89686,Bloomington,-86.53,39.17,IN
230,36,1.23214,325.441,77.9629,0.438187,0.957225,0.645545,Crestview,-86.57,30.75,FL
231,15,2.08571,374.675,33.0,1.017,0.504049,1.56428,West Huntsville,-86.61,34.72,AL
232,18,3.46895,358.82,39.3333,1.3262,0.611821,2.60172,Nashville,-86.78,36.17,TN
233,45,14.0,384.271,31.1429,1.25,0.824686,10.7,Fountain Heights,-86.82,33.53,AL
234,38,12.7621,384.688,56.0,1.35042,2.23308,9.07774,Lafayette,-86.88,40.42,IN
235,17,2.2885,362.158,37.1039,0.452157,0.165004,1.91697,Selma,-87.02,32.41,AL
236,21,2.63022,350.893,46.0,0.587665,0.205167,1.0,Highland Park,-87.04,35.61,TN
237,19,0.681357,286.221,42.0,0.143657,1.19419,0.351195,Escanaba,-87.06,45.75,MI
238,20,6.1621,68.7,43.2,2.5,0.0,4.62158,Owensboro,-87.11,37.77,KY
239,20,1.97009,323.355,44.0,0.0,2.16614,1.47756,Pensacola,-87.22,30.42,FL
240,50,21.0,297.07,56.0,1.875,8.75,12.1,Gary,-87.33,41.58,IN
241,29,5.68241,351.727,62.1378,4.41819,0.494008,4.0,Clarksville,-87.36,36.53,TN
242,27,0.666712,279.963,57.9357,0.250991,0.396278,0.265608,Sunnyside Estates Community,-87.41,46.55,MI
243,31,10.0874,400.96,33.3333,1.25,1.39768,7.4749,Terre Haute,-87.41,39.47,IN
244,18,4.60728,355.065,38.0,1.96323,0.516768,4.0,Hopkinsville,-87.49,36.87,KY
245,31,4.45316,364.244,66.34,2.9169,0.930449,3.49947,Madisonville,-87.5,37.33,KY
246,9,2.42651,361.323,18.0,0.398606,0.196465,2.0758,Riverview,-87.54,33.23,AL
247,20,5.21863,68.7,42.6667,2.5,0.0,3.91397,Evansville,-87.56,37.97,IN
248,28,1.28667,277.46,61.1544,0.311993,0.902335,0.589993,Marinette,-87.63,45.1,WI
249,19,3.00323,354.23,40.2778,0.841916,0.212865,2.25242,Florence,-87.68,34.8,AL
250,50,14.7839,300.825,67.7143,2.5,6.99377,12.1,Evanston,-87.7,42.05,IL
251,30,5.73969,372.589,65.6,1.92598,11.7384,5.4,Sheboygan,-87.71,43.75,WI
252,53,18.0,300.825,66.4615,1.875,8.75,13.5,Cicero,-87.75,41.83,IL
253,44,16.0,377.85,69.25,0.0,6.875,10.5,Racine,-87.81,42.73,WI
254,34,7.27997,346.72,74.1667,1.88872,14.8872,5.45998,Waukegan,-87.84,42.36,IL
255,38,12.239,322.521,38.0,1.19023,2.56242,9.17928,Kankakee,-87.86,41.12,IL
256,44,16.0,377.85,70.25,0.0,6.875,10.5,Milwaukee,-87.92,43.05,WI
257,24,2.77647,289.559,52.0,4.375,1.5503,2.08235,North Baird Mobile Home Park,-88,44.53,WI
258,18,1.77037,327.528,40.0,1.25,1.5262,1.32777,Mobile,-88.05,30.68,AL
259,27,0.763427,273.705,57.9357,0.19907,0.358792,0.388715,Iron Mountain,-88.06,45.82,MI
260,45,14.2882,313.342,61.1429,3.29316,6.28689,10.7162,Idylside,-88.11,41.53,IL
261,48,17.0,114.5,66.4444,0.0,5.0,11.5,West Bend,-88.18,43.43,WI
262,31,13.8926,114.5,66.0,2.5,1.27987,4.0,Urbana,-88.2,40.11,IL
263,44,16.0,377.85,60.5,0.0,6.875,10.5,Waukesha,-88.23,43.01,WI
264,37,16.7011,338.793,68.25,5.37187,16.3866,8.9,Elgin,-88.29,42.04,IL
265,51,16.7011,338.793,64.0,5.37187,16.3866,12.5259,Aurora,-88.3,41.77,IL
266,16,3.97179,287.473,34.0,4.375,2.38034,2.97884,Appleton,-88.4,44.27,WI
267,48,17.0,114.5,57.3333,0.0,4.54648,11.5,Fond du Lac,-88.45,43.77,WI
268,23,4.57874,307.083,50.0,7.5,2.82214,3.43406,Oshkosh,-88.54,44.03,WI
269,26,0.483874,275.791,55.2535,0.110944,0.366825,0.154637,Hancock,-88.58,47.13,MI
270,20,3.33235,355.482,44.0,2.96906,0.784523,2.56726,Paducah,-88.6,37.08,KY
271,16,3.02033,365.913,34.0,0.803731,0.289845,2.33939,Tupelo,-88.7,34.26,MS
272,10,1.50387,370.085,21.0,0.0,0.216547,1.1279,Meridian,-88.7,32.36,MS
273,17,3.23311,351.31,36.7016,1.29081,0.151282,2.42483,Jackson,-88.81,35.61,TN
274,15,4.78915,340.462,32.6667,1.25,3.26126,3.59186,Biloxi,-88.89,30.4,MS
275,34,13.7519,427.246,74.0,1.50129,1.63598,7.0,Decatur,-88.95,39.84,IL
276,32,14.0543,419.736,70.0,1.04122,4.24124,5.7,Bloomington,-88.99,40.48,IL
277,34,11.6469,310.004,58.8,1.25,6.01914,8.1,Janesville,-89.02,42.68,WI
278,34,11.6469,310.004,71.0,2.07126,6.01914,8.1,Rockford,-89.07,42.27,IL
279,18,3.48463,314.593,38.0,0.664033,1.82074,2.61347,Gulfport,-89.09,30.37,MS
280,30,6.05797,351.727,64.5518,1.03191,0.346074,4.54348,Laurel,-89.14,31.7,MS
281,25,3.63431,371.337,54.0,1.0822,0.615837,2.7096,Carbondale,-89.22,37.73,IL
282,30,6.05797,351.727,64.5518,1.03191,0.346074,4.54348,Hattiesburg,-89.29,31.33,MS
283,41,17.0,319.6,69.3333,1.25,5.50505,9.9,Madison,-89.4,43.07,WI
284,16,1.74878,294.149,34.0,1.25,1.68418,1.31159,Rhinelander,-89.41,45.64,WI
285,25,3.60427,369.251,54.0,0.86613,0.429747,2.89152,Cape Girardeau,-89.52,37.31,MO
286,9,3.60998,321.686,20.0,1.44541,3.32016,1.38353,Wausau,-89.63,44.96,WI
287,41,11.3573,446.439,46.0,1.34669,1.51014,9.77133,Springfield,-89.65,39.82,IL
288,29,15.0334,432.253,62.0,1.26846,1.90106,6.4,Bellevue,-89.67,40.7,IL
289,16,4.98995,324.19,31.3333,3.75,2.15543,3.74246,Slidell,-89.78,30.27,LA
290,21,2.02311,354.23,45.5,0.889413,0.344735,1.51733,Ellendale,-89.84,35.22,TN
291,21,2.02311,363.41,45.5,0.889413,0.344735,1.51733,Lenox,-90,35.12,TN
292,61,31.0,286.25,66.0,1.25,8.33333,17.2,Swansea,-90,38.53,IL
293,21,2.02311,363.41,45.5,0.889413,0.344735,1.51733,Southaven,-90,34.97,MS
294,14,1.32494,272.036,30.6667,3.75,2.12062,0.993705,Gentilly,-90.04,30,LA
295,14,1.32494,272.036,29.5,3.75,2.12062,0.993705,Beverly Knoll,-90.15,29.98,LA
296,26,0.526219,285.387,56.7734,0.0699656,0.827364,0.21017,Ironwood,-90.16,46.46,MI
297,60,31.0,286.25,62.8,1.25,8.33333,16.8,Alton,-90.18,38.89,IL
298,30,17.0,91.6,41.0,0.0,0.307584,7.3,Jackson,-90.18,32.3,MS
299,60,31.0,286.25,61.8182,1.25,8.33333,16.8,Midtown,-90.24,38.64,MO
300,51,8.39262,330.031,109.792,1.30013,4.4608,4.47856,Galesburg,-90.37,40.95,IL
301,22,3.08523,373.006,48.1904,0.981614,0.407657,2.43808,Poplar Bluff,-90.4,36.76,MO
302,25,1.89288,374.675,54.8959,0.819564,0.41569,1.55152,Paragould,-90.5,36.06,AR
303,37,1.74027,287.89,79.304,0.244007,0.864849,0.992667,Tomah,-90.5,43.99,WI
304,60,31.0,286.25,60.5455,1.25,8.33333,16.8,Saint Charles,-90.51,38.78,MO
305,27,2.52319,322.938,58.0,0.878237,5.12484,1.89239,Moline,-90.53,41.49,IL
306,27,2.52319,322.938,58.0,0.878237,5.12484,1.89239,Green Acres,-90.59,41.55,IA
307,46,1.69274,312.09,100.493,0.396743,2.93995,1.26955,Dubuque,-90.66,42.5,IA
308,28,2.38156,386.357,60.2603,1.8198,0.477274,1.77628,Jonesboro,-90.7,35.84,AR
309,11,0.0758065,280.797,23.3333,0.0909204,0.882254,0.0568549,Houma,-90.72,29.6,LA
310,41,8.65252,358.82,89.6752,0.908971,0.233282,7.05223,Vicksburg,-90.88,32.35,MS
311,21,2.37125,402.629,46.0,0.381842,0.419706,1.77844,Greenville,-91.06,33.41,MS
312,48,5.0484,371.337,103.176,0.66869,4.44474,4.64282,Burlington,-91.11,40.81,IA
313,14,4.20649,329.196,30.8889,0.952743,1.01345,3.15487,Smiley Heights,-91.14,30.46,LA
314,17,2.81601,302.911,36.0,0.913627,1.61724,2.11201,La Crosse,-91.24,43.8,WI
315,31,4.75674,322.938,67.5917,0.305474,0.234286,2.7239,Hawthorne,-91.39,31.55,MS
316,23,5.85409,383.854,50.0,0.526197,0.569649,5.29205,Quincy,-91.41,39.94,IL
317,28,15.0,315.011,16.0,0.407454,1.99478,6.8,Eau Claire,-91.5,44.81,WI
318,22,3.07732,339.21,48.0,0.0,3.85032,2.30799,Iowa City,-91.53,41.66,IA
319,17,3.09671,309.169,36.0,0.744127,2.02155,2.32254,Winona,-91.64,44.05,MN
320,20,2.24775,304.997,43.0,0.0,3.64147,1.68581,East Rapids,-91.66,41.97,IA
321,9,0.517816,291.646,20.0,0.173692,0.801927,0.114833,Leesburg,-91.82,30,LA
322,22,0.782353,284.553,48.0,0.206288,0.379543,0.586765,Northern Terrace Mobile Home Park,-91.83,47.9,MN
323,25,2.11858,389.278,53.823,0.761822,0.332016,1.0958,Pine Bluff,-92,34.23,AR
324,9,0.302897,307.083,20.0,0.12503,0.846107,0.156039,Whittington Heights Mobile Home Park,-92.02,30.2,LA
325,10,0.596772,310.421,21.0,0.314787,1.64134,0.447579,Superior,-92.1,46.72,WI
326,10,1.21739,305.831,21.0,0.473578,1.5262,0.913044,Duluth,-92.11,46.78,MN
327,25,7.9914,346.72,46.0,0.990927,0.289845,6.06231,Monroe,-92.12,32.51,LA
328,23,6.71567,353.813,49.0,0.974163,0.199812,5.4366,Jefferson City,-92.17,38.58,MO
329,10,3.84862,375.926,8.0,3.41982,0.435772,2.516,Oak Forest,-92.33,34.74,AR
330,23,6.49447,361.323,49.0,1.2219,0.4592,5.06694,Columbia,-92.33,38.95,MO
331,23,2.04739,301.242,50.0,0.825152,3.76999,1.53554,Waterloo,-92.34,42.49,IA
332,37,6.05084,414.729,80.0,3.75,1.25,5.98183,Pickwick,-92.41,41.01,IA
333,36,5.3768,323.355,76.89,0.682659,0.533502,2.62749,Alexandria,-92.45,31.31,LA
334,8,3.73233,387.192,8.0,1.76765,0.475935,1.98844,Conway,-92.45,35.09,AR
335,26,2.57152,293.732,56.0,0.534579,2.06439,1.92864,Rochester,-92.47,44.02,MN
336,29,1.08375,291.228,62.6743,0.357162,0.713568,0.812811,Virginia,-92.54,47.52,MN
337,41,6.72826,402.212,87.9765,0.813045,0.966596,6.1304,Kirksville,-92.58,40.19,MO
338,45,8.07622,374.675,96.9172,1.62423,0.665372,5.90417,El Dorado,-92.66,33.21,AR
339,18,5.99514,394.285,22.0,4.12017,0.333021,4.2605,Hot Springs,-93.06,34.5,AR
340,21,18.0,349.225,43.6667,0.0,7.91667,5.0,Saint Paul,-93.08,44.94,MN
341,46,1.43283,294.149,98.5265,0.53551,2.09117,1.32875,Mason City,-93.2,43.15,IA
342,17,2.31686,311.255,36.0,0.395812,1.25577,1.73765,Lake Charles,-93.22,30.23,LA
343,22,18.0,349.225,48.5,0.0,7.91667,5.0,Lakeville,-93.24,44.65,MN
344,21,18.0,349.225,45.3333,0.0,7.91667,5.0,Minneapolis,-93.25,44.98,MN
345,21,2.20216,423.65,46.0,0.803731,10.0,1.65162,Faribault,-93.27,44.29,MN
346,58,21.0,335.455,83.0,1.3113,0.25169,15.6,Springfield,-93.32,37.18,MO
347,44,1.75548,294.983,95.3078,0.550412,2.01352,1.22727,Albert Lea,-93.37,43.65,MN
348,27,0.322453,304.163,58.5616,0.0726432,0.7216,0.277148,Nichol's Trailer Court,-93.41,48.6,MN
349,43,0.559218,371.337,92.0,0.706874,2.0751,0.419414,Ames,-93.62,42.05,IA
350,43,2.44975,375.509,92.0,0.409316,1.41107,1.83732,Des Moines,-93.62,41.58,IA
351,25,7.94361,337.124,53.0,1.99303,0.509404,5.95771,Werner Park,-93.77,32.5,LA
352,15,2.59376,314.176,31.75,0.488013,1.54227,0.659704,Griffing Park,-93.93,29.9,TX
353,38,1.95559,290.394,82.8803,0.360887,1.97336,1.51257,Mankato,-94,44.16,MN
354,47,7.62792,351.31,102.46,2.42516,0.580359,6.08211,Texarkana,-94.04,33.44,AR
355,15,3.81995,302.076,31.75,0.84471,1.8368,1.05623,Beaumont,-94.1,30.09,TX
356,38,4.95098,354.23,82.0,2.14949,0.23027,3.71324,Fayetteville,-94.16,36.06,AR
357,17,2.58818,316.679,36.0,1.4212,6.74743,2.0,Saint Cloud,-94.16,45.56,MN
358,50,0.103267,362.575,109.076,0.298023,1.08976,0.0726853,Fort Dodge,-94.18,42.51,IA
359,17,1.47311,293.732,36.0,0.472181,2.51958,1.10483,Brainerd,-94.2,46.36,MN
360,59,22.0,229.0,71.0,1.25,5.0,16.0,Fort Smith,-94.4,35.39,AR
361,66,37.0,286.25,79.7143,1.25,5.41667,19.3,Independence,-94.42,39.09,MO
362,37,30.0,344.634,79.0,1.90735,0.425731,3.96014,Joplin,-94.51,37.08,MO
363,66,37.0,286.25,79.7143,1.25,5.41667,19.3,Harlem,-94.6,39.11,MO
364,66,37.0,286.25,79.7143,1.25,5.41667,19.3,Kansas City,-94.63,39.11,KS
365,32,5.88263,310.421,69.9162,1.39512,0.565633,3.09891,Nacogdoches,-94.66,31.6,TX
366,32,5.88263,310.421,69.9162,1.39512,0.565633,3.09891,Lufkin,-94.73,31.34,TX
367,23,5.86418,330.031,50.0,3.45334,0.874221,4.04187,Longview,-94.74,32.5,TX
368,14,1.7099,279.129,31.3333,0.849366,2.45264,1.6,Galveston,-94.8,29.3,TX
369,47,29.0,363.41,70.0,1.81235,2.00281,11.3,Saint Joseph,-94.85,39.77,MO
370,34,0.56107,303.328,73.5819,0.25332,1.92784,0.420802,Bemidji,-94.88,47.47,MN
371,14,1.7099,279.129,30.8333,0.849366,2.45264,1.28243,Nadeau,-94.96,29.41,TX
372,15,6.27007,309.587,30.9333,1.50688,3.18093,3.7,Allenbrook,-94.97,29.76,TX
373,28,0.828768,286.221,61.065,0.193715,2.14204,0.711898,Willmar,-95.04,45.12,MN
374,21,0.586679,372.589,46.0,0.254251,1.16875,0.440009,Spencer,-95.15,43.15,IA
375,14,2.56641,282.049,30.9333,1.69314,1.51817,1.92481,Golden Acres,-95.15,29.66,TX
376,61,30.0,325.024,88.0,0.795349,0.728294,16.9,Lawrence,-95.26,38.96,KS
377,18,4.05597,330.448,40.0,1.22376,0.320302,2.14425,Tyler,-95.3,32.35,TX
378,29,8.15291,310.838,31.25,2.87965,3.66289,7.0,Colonial Gardens,-95.34,29.82,TX
379,12,0.698259,286.221,26.0,0.539236,0.57969,0.560536,Velasco,-95.36,28.96,TX
380,45,4.2339,353.813,98.0,1.11386,0.280139,3.15747,Muskogee,-95.37,35.75,OK
381,29,9.0612,307.918,31.2,2.10479,2.14472,7.0,Conroe,-95.46,30.31,TX
382,29,8.68598,310.838,38.0,1.02259,0.836735,7.0,Huntsville,-95.55,30.72,TX
383,57,26.0,341.296,90.0,1.24797,0.572327,15.1,Coffeyville,-95.63,37.04,KS
384,58,28.0,311.673,84.0,0.595115,0.685453,15.9,Topeka,-95.67,39.05,KS
385,55,21.0,354.648,90.0,0.815839,0.298212,14.3,McAlester,-95.77,34.93,OK
386,30,10.0,206.1,64.0,0.0,0.958564,4.0,Council Bluffs,-95.86,41.26,IA
387,54,25.0,217.55,92.4,0.833333,7.5,13.9,East Tulsa,-95.93,36.12,OK
388,12,1.94632,287.056,26.0,0.782311,0.478612,0.904582,Bay City,-95.96,28.98,TX
389,57,26.0,350.058,90.0,1.79186,0.673404,15.1,Bartlesville,-95.98,36.75,OK
390,30,10.0,206.1,64.0,0.0,0.670057,4.0,Aksarben Village,-96.01,41.24,NE
391,40,3.68783,316.679,85.7413,0.724569,0.781845,2.65915,Emporia,-96.18,38.4,KS
392,19,8.37055,318.766,41.306,0.782311,0.380212,2.45847,Bryan,-96.37,30.67,TX
393,40,14.0,369.668,86.0,0.632368,1.20356,2.4,Sioux City,-96.4,42.5,IA
394,39,4.52839,318.348,85.026,0.569969,0.637257,3.3903,Sunset Park,-96.59,39.19,KS
395,28,0.476061,322.521,61.3332,0.138069,2.42854,0.335544,Crookston,-96.61,47.77,MN
396,25,7.46611,346.72,54.0,1.59815,1.40839,2.79504,Sherman,-96.61,33.64,TX
397,16,8.05601,283.718,34.0,0.752509,0.400294,2.00307,Port Lavaca,-96.63,28.62,TX
398,34,6.08114,344.634,74.0,0.990927,0.733649,6.0,Shamrock Mobile Home Court,-96.68,40.82,NE
399,35,14.0,335.038,76.0,0.367872,2.00549,1.4,Sioux Falls,-96.73,43.55,SD
400,27,0.44816,306.666,58.2039,0.290573,3.65754,0.28536,Moorhead,-96.74,46.87,MN
401,34,21.0,313.342,74.0,0.200933,1.23837,3.3,Brookings,-96.79,44.31,SD
402,27,0.44816,306.666,58.2039,0.290573,3.65754,0.28536,Fargo,-96.79,46.88,ND
403,20,7.72927,344.217,42.3636,1.81608,1.66008,3.7,Dallas,-96.84,32.82,TX
404,39,3.17163,353.813,84.0,0.763685,0.374188,2.0802,Shawnee,-96.93,35.34,OK
405,16,5.94566,288.308,34.0,0.7255,0.512082,1.49236,Victoria,-97,28.8,TX
406,19,5.34027,337.958,40.9091,0.745989,0.792556,3.7,Florence Hill,-97.02,32.68,TX
407,28,0.173857,312.09,61.1544,0.162283,1.7297,0.159931,East Grand Forks,-97.03,47.93,MN
408,31,3.54453,336.707,67.1446,0.839122,0.496686,2.15471,Stillwater,-97.07,36.14,OK
409,68,36.0,332.534,72.9561,1.25,0.544213,20.2,Ponca City,-97.09,36.71,OK
410,22,6.21914,341.296,47.1111,0.977889,1.12725,2.39743,Denton,-97.13,33.22,TX
411,57,25.0,340.879,62.0,0.633299,0.453176,15.4,Ardmore,-97.13,34.18,OK
412,16,4.67541,331.7,34.0,0.696629,0.497355,2.4,Waco,-97.15,31.55,TX
413,60,43.0,322.104,91.3333,1.25,4.375,16.7,Arkansas Mobile Home Park,-97.33,37.72,KS
414,20,5.34027,337.958,43.4,0.745989,0.792556,3.7,Fort Worth,-97.34,32.74,TX
415,53,25.0,458.0,84.8,0.0,6.875,13.2,Franklin,-97.34,35.23,OK
416,16,5.53902,332.534,34.0,0.665896,0.477274,1.94731,Gober,-97.36,31.1,TX
417,19,5.34027,337.958,40.8,0.745989,0.792556,3.7,Cleburne,-97.39,32.35,TX
418,32,5.36713,370.085,70.0,0.355765,1.42714,5.16476,Yankton,-97.39,42.88,SD
419,15,7.86558,314.593,33.0,0.332948,0.24098,3.0,Gardendale,-97.4,27.74,TX
420,46,5.93481,352.561,99.957,0.467524,0.88627,5.48776,Norfolk,-97.43,42.03,NE
421,23,9.11441,296.652,49.6209,0.461005,0.441127,2.10173,Brownsville,-97.5,25.92,TX
422,53,25.0,458.0,84.8,0.0,6.875,13.2,Oklahoma City,-97.52,35.47,OK
423,34,6.0067,325.859,73.2243,0.413973,0.480621,4.76524,Patio Mobile Home Manor,-97.61,38.82,KS
424,22,4.46271,326.276,48.548,1.09896,0.473257,1.54213,Harlingen,-97.69,26.2,TX
425,14,5.14416,330.865,29.3333,0.794418,0.671396,1.93003,Killeen,-97.73,31.12,TX
426,9,6.20296,336.289,19.8,0.955537,1.01881,2.07004,Austin,-97.74,30.27,TX
427,17,3.66965,296.235,37.1039,0.372995,0.552915,1.40211,Beeville,-97.75,28.41,TX
428,15,2.26771,302.911,33.0,0.424683,0.33871,1.70078,Kingsville,-97.86,27.52,TX
429,35,4.49131,335.038,75.2807,0.0,0.346743,3.30682,Enid,-97.88,36.4,OK
430,43,5.18676,319.183,92.0,0.437256,0.457861,3.98456,Hutchinson,-97.92,38.07,KS
431,11,7.1908,325.859,22.8,0.66869,0.882254,2.1921,San Marcos,-97.94,29.88,TX
432,53,6.61881,355.899,114.62,0.362284,0.935805,5.95989,Mitchell,-98.03,43.71,SD
433,16,2.32819,294.149,34.0,0.502914,0.378204,1.44911,Alice,-98.07,27.75,TX
434,22,7.13736,317.514,25.3333,1.08033,1.05897,5.35302,New Braunfels,-98.13,29.7,TX
435,27,2.83602,312.09,57.3993,0.692904,0.631902,1.63048,Falfurrias,-98.14,27.23,TX
436,17,2.68167,327.528,36.0,0.856817,0.708213,1.48411,Edinburg,-98.16,26.3,TX
437,18,3.42686,322.521,38.0,0.808388,0.674743,1.94759,McAllen,-98.23,26.2,TX
438,40,7.17348,347.137,86.8142,0.48615,1.04692,4.0,Grand Island,-98.36,40.92,NE
439,48,20.0,324.19,76.0,0.4475,0.413682,11.5,Lawton,-98.41,34.6,OK
440,35,20.0,277.877,75.9959,0.170199,1.07236,2.7,Aberdeen,-98.49,45.47,SD
441,21,2.26492,320.017,45.1505,0.416301,0.410335,1.03446,Wichita Falls,-98.49,33.91,TX
442,19,6.10104,327.528,31.3333,0.870787,0.871543,4.57578,Olmos Park,-98.51,29.49,TX
443,32,0.3949,307.918,68.3963,0.198837,1.32137,0.385208,Jamestown,-98.7,46.91,ND
444,28,0.128484,291.646,61.4226,0.0775326,0.815315,0.110238,Devils Lake,-98.86,48.11,ND
445,17,5.54049,321.269,37.685,0.322238,0.220229,2.12316,Brownwood,-98.98,31.71,TX
446,38,8.36222,347.972,81.5392,0.19907,1.13796,6.65662,Cornhusker Trailer Court,-99.08,40.7,NE
447,23,2.12366,296.235,48.9056,0.295229,0.323649,1.05817,Vernon,-99.29,34.15,TX
448,41,21.0,315.845,40.0,1.25,8.75,9.9,Hays,-99.32,38.88,KS
449,52,20.0,317.514,82.0,0.470318,0.451837,12.8,Woodward,-99.4,36.43,OK
450,16,4.12727,309.587,34.0,0.497326,0.0558939,2.54594,Laredo,-99.51,27.51,TX
451,19,5.02976,310.838,41.3507,0.366475,0.284155,1.79955,Abilene,-99.73,32.45,TX
452,33,36.0,311.673,60.2603,0.572763,0.965258,5.10777,Dodge City,-100.02,37.76,KS
453,27,3.26905,288.725,58.4722,0.511296,0.332686,1.9579,Childress,-100.21,34.42,TX
454,39,2.19151,284.97,85.2943,0.0755535,0.876898,1.87507,Pierre,-100.35,44.37,SD
455,35,0.798663,269.532,75.1913,0.0670552,0.890286,0.778456,Mobridge,-100.43,45.54,SD
456,15,4.96719,301.659,33.1253,0.262633,0.113294,1.8251,San Angelo,-100.44,31.46,TX
457,15,3.95447,300.407,33.3935,0.375789,0.0763102,1.73647,Eagle Pass,-100.49,28.71,TX
458,36,11.9408,321.686,58.1145,0.403728,0.949192,8.5815,Lazy L Mobile Ranch,-100.63,40.21,NE
459,35,9.00128,327.11,75.6383,1.20141,1.14064,6.35604,North Platte,-100.77,41.14,NE
460,29,0.485348,287.056,61.7802,0.33481,1.2638,0.41725,Bismarck,-100.78,46.81,ND
461,27,8.20716,325.859,57.9357,0.338536,1.0014,5.92332,Garden City,-100.86,37.98,KS
462,16,6.3154,319.6,34.1535,0.903383,0.192449,2.42291,Del Rio,-100.9,29.36,TX
463,30,0.289277,276.208,63.8366,0.114087,0.649976,0.209696,Minot,-101.3,48.23,ND
464,19,5.35662,294.149,40.7696,1.24238,0.253698,2.35415,Big Spring,-101.48,32.24,TX
465,24,11.2236,303.745,52.0349,0.452157,0.592408,4.60835,Guymon,-101.48,36.69,OK
466,41,13.0,304.58,51.1408,0.516884,0.969274,9.88678,Goodland,-101.71,39.35,KS
467,38,8.70272,273.705,82.0,1.67638,0.77649,3.92749,Amarillo,-101.83,35.23,TX
468,25,3.84145,275.373,55.0747,1.68383,0.594417,2.07229,Lubbock,-101.88,33.58,TX
469,24,15.8371,284.97,52.6607,0.524335,0.362808,4.52734,Dumas,-101.97,35.86,TX
470,24,5.63925,280.38,52.1243,2.43634,0.633911,2.8317,Midland,-102.1,32.03,TX
471,24,5.63925,280.38,52.1243,2.43634,0.633911,2.8317,Odessa,-102.37,31.85,TX
472,31,15.169,279.963,67.6811,1.22748,0.538188,4.97325,Hereford,-102.4,34.82,TX
473,32,20.139,288.308,46.134,0.346452,0.203159,7.60808,Dalhart,-102.52,36.06,TX
474,48,19.795,330.448,54.27,0.536442,0.866188,11.5942,Lamar,-102.62,38.09,CO
475,27,10.0,272.036,58.0,0.0,2.5,4.0,Dickinson,-102.79,46.88,ND
476,39,14.7559,252.426,84.4896,0.0995351,0.331682,5.57193,Alliance,-102.87,42.1,NE
477,24,4.6513,279.546,51.1408,1.10827,0.220229,2.63313,Fort Stockton,-102.88,30.89,TX
478,39,12.2234,302.494,84.132,0.240747,0.701519,8.5031,Sidney,-102.98,41.14,NE
479,41,4.65387,255.346,88.1553,0.111409,0.327331,2.49656,Chadron,-103,42.83,NE
480,35,9.88341,274.122,76.0,1.94088,0.0,7.41256,Hobbs,-103.14,32.71,NM
481,31,23.3328,276.625,66.6082,1.19396,0.304906,6.48734,Clovis,-103.2,34.41,NM
482,33,19.0,243.247,72.0,0.150176,0.498694,3.8,Rapid City,-103.23,44.08,SD
483,27,4.93788,294.983,58.0251,1.02073,0.204833,2.97939,Pecos,-103.5,31.42,TX
484,27,0.669986,269.949,59.0086,0.129687,0.599102,0.564371,Williston,-103.63,48.16,ND
485,39,24.7156,254.512,83.5955,0.144355,0.411674,6.0,Scottsbluff,-103.66,41.87,NE
486,17,2.51263,268.698,36.031,0.155997,0.00953878,1.56968,Alpine,-103.67,30.36,TX
487,41,29.3669,278.294,51.7666,0.540167,0.252694,9.74638,Tucumcari,-103.73,35.17,NM
488,33,3.0,289.977,72.0,0.170199,0.671396,0.812413,Lead,-103.77,44.35,SD
489,31,10.6748,287.056,68.0,0.782311,10.0,4.34548,Carlsbad,-104.23,32.42,NM
490,54,16.3952,257.015,37.7297,0.266824,0.10978,13.9732,Raton,-104.44,36.9,NM
491,60,19.3207,287.056,45.0164,0.318978,0.216882,16.6681,Trinidad,-104.51,37.17,CO
492,23,15.1853,295.401,44.9717,0.499189,0.178727,5.41731,Roswell,-104.52,33.39,NM
493,55,17.1943,287.89,51.0514,0.707805,0.848784,14.2117,Pueblo,-104.63,38.28,CO
494,29,0.779736,258.267,63.2107,0.0718283,0.40498,0.718117,Glendive,-104.71,47.11,MT
495,35,37.1985,137.4,75.5,0.976026,2.5,6.3,Greeley,-104.74,40.42,CO
496,39,14.5406,446.55,84.0,0.0,0.239306,6.2,Colorado Springs,-104.79,38.86,CO
497,35,24.0,277.663,74.4,0.416667,15.0,8.3,Aurora,-104.81,39.7,CO
498,36,16.0,103.05,78.0,1.25,1.25,2.0,Cheyenne,-104.82,41.14,WY
499,16,3.62685,283.718,34.2876,0.255648,0.00146952,2.14242,Van Horn,-104.83,31.04,TX
500,43,24.0,277.663,75.3333,0.416667,15.0,10.3,Denver,-104.98,39.74,CO
501,34,11.4481,137.4,74.4,0.941567,2.5,6.3,Fort Collins,-105.06,40.56,CO
502,89,34.1505,282.049,39.4285,0.599772,0.127686,30.2772,Las Vegas,-105.22,35.6,NM
503,43,24.0,277.663,72.8889,0.416667,17.5,10.3,Ara,-105.25,40.04,CO
504,40,7.0,80.15,86.0,0.409782,1.25,5.96436,Douglas,-105.38,42.76,WY
505,24,2.19579,248.671,52.0,0.868924,5.0,0.862704,Gillette,-105.51,44.28,WY
506,38,41.3189,264.525,51.5878,0.414904,0.993372,7.0,Laramie,-105.59,41.31,WY
507,29,0.70495,254.929,63.7472,0.128057,0.511413,0.650892,Miles City,-105.84,46.41,MT
508,33,34.752,296.235,66.0,0.799075,0.277461,8.0,Santa Fe,-105.94,35.69,NM
509,65,24.9474,302.911,36.2098,0.643544,0.00804312,18.825,Alamogordo,-105.96,32.9,NM
510,33,30.9382,292.48,71.0,0.724569,0.354106,8.0,Los Alamos,-106.3,35.89,NM
511,42,43.2026,238.657,90.0,0.752509,1.25,3.0,Casper,-106.31,42.87,WY
512,63,66.0,309.587,44.6,0.972301,10.625,18.0,La Guna,-106.51,31.78,TX
513,30,0.468327,256.181,63.926,0.157394,0.366155,0.396818,Glasgow,-106.64,48.18,MT
514,54,43.0,108.775,62.0,1.25,5.0,13.8,Martinez Town,-106.64,35.1,NM
515,56,66.0,282.884,32.0,0.501983,18.75,14.0,Las Cruces,-106.78,32.31,NM
516,170,76.535,297.904,43.9882,0.623986,0.194792,70.1544,Socorro,-106.9,34.06,NM
517,61,21.9492,293.732,54.0,0.384171,0.187429,17.3111,Gunnison,-106.93,38.54,CO
518,83,119.999,235.319,72.7773,0.609085,0.551576,23.1548,Rawlins,-107.23,41.79,WY
519,200,99.1087,305.414,44.48,0.448897,0.264743,92.6997,Truth or Consequences,-107.25,33.13,NM
520,21,16.4088,272.87,46.0,0.332016,0.140739,5.0,Glenwood Springs,-107.32,39.55,CO
521,28,9.36201,262.022,55.8794,0.803731,0.458531,6.74743,Craig,-107.55,40.52,CO
522,32,0.440415,262.439,69.9162,0.1851,0.54689,0.319867,Hardin,-107.61,45.73,MT
523,82,36.0,294.566,48.8162,0.617467,0.174041,27.0,Deming,-107.76,32.26,NM
524,28,9.0,274.539,60.0,0.562519,2.5,6.1,Montrose,-107.87,38.48,CO
525,70,23.6265,171.75,68.0,0.679865,4.58333,21.1947,Durango,-107.88,37.28,CO
526,77,31.0,332.117,52.0,3.14787,10.4167,24.6473,Farmington,-108.19,36.75,NM
527,39,17.5761,243.247,84.4002,0.133179,0.33938,3.40836,Thermopolis,-108.21,43.65,WY
528,40,43.206,242.412,84.0,1.25,1.25,8.7,Riverton,-108.4,43.03,WY
529,30,0.0642305,252.843,64.7306,1.25,0.518776,0.0481729,Billings,-108.54,45.79,MT
530,28,17.7495,274.122,60.0,0.351109,0.203159,5.8,Grand Junction,-108.55,39.09,CO
531,39,38.1814,247.836,84.0,1.25,0.625,8.7,Lander,-108.73,42.83,WY
532,127,49.0557,272.87,35.3158,0.503846,0.135886,45.521,Gallup,-108.73,35.52,NM
533,34,1.39975,242.412,74.1184,0.249129,0.83138,0.909561,Powell,-108.76,44.76,WY
534,33,1.35496,228.643,71.4362,0.100001,0.392931,0.779041,Cody,-109.06,44.52,WY
535,67,22.3869,267.446,42.6471,0.805594,0.259388,19.7793,Monticello,-109.34,37.87,UT
536,31,19.0,233.65,67.0,0.0,3.75,2.0,Green River,-109.46,41.51,WY
537,29,4.27642,234.485,63.6,0.185333,3.25,3.20732,Vernal,-109.53,40.46,UT
538,68,64.0,269.949,31.3371,0.701286,0.194792,20.3516,Pirtleville,-109.55,31.36,AZ
539,76,26.3556,302.076,47.5645,0.277534,1.0322,23.9295,Moab,-109.55,38.57,UT
540,31,0.262417,272.453,66.1612,0.345055,0.381551,0.196813,A and B Trailer Court Number One,-109.68,48.55,MT
541,108,51.2372,289.559,43.8541,1.30385,0.138229,38.5172,Safford,-109.71,32.83,AZ
542,79,39.321,276.625,39.9202,1.17533,0.353437,25.4626,Willcox,-109.83,32.25,AZ
543,61,50.0,267.029,29.6831,0.476837,0.133208,17.2366,Tombstone,-110.07,31.71,AZ
544,139,57.5534,301.659,55.7005,0.247266,0.686792,49.8604,Tolani Lake,-110.7,35.28,AZ
545,53,16.3607,319.183,76.0,0.989065,3.75,13.5614,Price,-110.81,39.6,UT
546,74,94.0,288.725,36.0,1.07102,0.297543,23.1765,Craycroft,-110.89,32.2,AZ
547,38,0.128966,252.008,81.4497,0.126893,0.599102,0.0967246,Bozeman,-111.04,45.68,MT
548,28,2.13168,236.571,60.5285,1.25,0.380212,1.59876,Montpelier,-111.3,42.32,ID
549,32,0.124603,258.267,69.0222,0.494532,1.02684,0.0934525,Great Falls,-111.3,47.5,MT
550,28,8.87305,85.875,57.6667,1.25,8.95833,6.65479,Pleasant View,-111.64,40.25,UT
551,108,45.7761,277.877,72.0,0.556,0.282482,38.4151,Flagstaff,-111.65,35.2,AZ
552,99,152.0,286.25,49.1818,0.416667,13.25,18.9,Citrus Gardens,-111.74,33.42,AZ
553,385,492.0,343.5,41.0,0.979751,1.95729,73.0,Casa Grande,-111.76,32.88,AZ
554,26,2.76545,249.922,57.0,0.451226,4.375,2.07409,Logan,-111.83,41.74,UT
555,40,15.9243,289.559,68.0,2.20165,5.0,9.7,Nephi,-111.84,39.71,UT
556,99,152.0,286.25,50.5455,0.416667,13.25,18.9,Pinnacle Peak Heights V-VI,-111.87,33.69,AZ
557,27,8.59273,68.7,55.7778,1.25,8.88889,6.44455,The Terraces of Rose Park Condominium,-111.93,40.78,UT
558,28,8.59273,57.25,60.5,1.25,8.125,6.44455,Ogden,-111.97,41.23,UT
559,33,1.60137,246.584,70.8103,0.232132,0.496017,1.20103,Idaho Falls,-112.03,43.47,ID
560,30,0.0145084,258.267,64.0,0.275206,0.811298,0.0108813,Helena,-112.04,46.59,MT
561,99,152.0,286.25,49.8095,0.416667,13.25,18.9,Citrus Grove Trailer Park,-112.07,33.54,AZ
562,45,14.4413,276.208,40.859,2.47359,1.18616,10.7402,Richfield,-112.08,38.77,UT
563,142,56.513,287.473,47.2963,0.458211,0.0942164,50.901,Grand Canyon,-112.14,36.05,AZ
564,99,152.0,279.094,47.2,0.416667,12.0833,18.9,Village Park,-112.2,33.58,AZ
565,36,39.0,253.677,64.0,5.0,0.720262,6.0,Pocatello,-112.44,42.87,ID
566,100,45.2412,292.48,100.0,0.71153,0.31729,35.3344,Heritage Mobile Home Park,-112.45,34.59,AZ
567,181,83.0712,272.87,40.1884,0.627711,0.197469,78.8155,Kanab,-112.53,37.05,UT
568,33,10.0,240.326,58.0251,0.223052,1.46998,8.0,Butte,-112.53,46,MT
569,30,1.88645,252.008,64.2836,0.116997,1.23837,1.41484,Dillon,-112.68,45.22,MT
570,44,33.0,229.0,30.0,0.938773,6.25,10.6922,Gila Bend,-112.72,32.95,AZ
571,43,34.141,275.373,44.0,0.225147,6.25,10.3,Parowan,-112.83,37.84,UT
572,49,53.3579,276.625,44.0,0.402797,6.25,10.3,Cedar City,-113.06,37.68,UT
573,60,73.8147,295.818,76.0,0.755303,1.25,10.7,Saint George,-113.58,37.1,UT
574,22,1.86164,232.816,48.6374,0.211177,0.370172,1.39623,Burley,-113.79,42.54,ID
575,28,1.06271,224.054,60.8861,0.126427,0.24031,0.797035,Salmon,-113.89,45.18,ID
576,26,20.0,245.75,56.0,0.134576,0.872882,4.8,Missoula,-113.99,46.87,MT
577,65,40.0,362.158,79.6616,0.719912,0.773813,18.7283,Kingman,-114.05,35.19,AZ
578,33,10.0,254.929,71.8832,0.273343,0.714907,0.0311119,Polson,-114.16,47.69,MT
579,56,28.5978,325.441,78.3205,0.694767,0.862172,14.9257,Lake Havasu City,-114.31,34.5,AZ
580,34,10.0,273.705,73.1349,0.284985,1.12323,0.0650402,Kalispell,-114.32,48.2,MT
581,24,1.69717,228.226,52.1243,0.26077,0.454515,1.27288,Twin Falls,-114.46,42.56,ID
582,37,40.0,327.11,55.7005,0.52806,0.351429,8.05378,Bullhead City,-114.57,35.15,AZ
583,37,40.0,327.11,55.7005,0.52806,0.351429,8.05378,Needles,-114.61,34.85,CA
584,46,25.0,287.89,68.0,0.337604,0.425731,11.0,Desert Palms Mobile Estates,-114.62,32.69,AZ
585,56,55.0,369.263,97.4,1.25,23.125,14.6,Boulder City,-114.83,35.98,NV
586,22,3.85548,259.101,47.7433,0.18999,0.184082,2.89413,Ely,-114.89,39.25,NV
587,56,55.0,369.263,98.7273,1.25,23.125,14.6,Las Vegas,-115.22,36.21,NV
588,67,60.0,274.8,12.5,1.25,20.0,20.0,El Centro,-115.56,32.79,CA
589,34,37.0,239.909,57.6675,0.115368,0.334025,0.853492,Elko,-115.76,40.83,NV
590,34,10.0,253.26,74.2972,0.20396,0.50271,3.0,Wallace,-115.93,47.47,ID
591,29,17.0,177.475,42.0,0.0,3.75,7.0,Garden City,-116.23,43.61,ID
592,77,71.0,240.45,74.0,0.869855,10.0,24.6,Desert Hills Trailer Park,-116.53,33.78,CA
593,29,17.0,177.475,42.0,0.0,3.75,7.0,Caldwell,-116.67,43.66,ID
594,25,7.0,255.764,54.0,0.209315,0.603788,6.0,Coeur d'Alene,-116.78,47.68,ID
595,28,2.31331,252.843,60.1709,0.476837,0.977307,1.73498,Ontario,-116.96,44.03,OR
596,26,2.94638,259.519,55.5217,1.03563,0.970613,2.20978,Lewiston,-117.02,46.42,ID
597,41,44.0,294.983,66.0,0.783242,0.609813,5.69677,Barstow,-117.02,34.9,CA
598,51,29.3272,264.525,53.0,4.69387,15.5298,12.6,National City,-117.1,32.67,CA
599,51,33.4614,253.26,52.5714,3.11434,12.3167,12.6,Sorrento Valley,-117.18,32.82,CA
600,26,7.81607,275.791,56.7734,0.399072,0.179396,4.92266,Tonopah,-117.23,38.07,NV
601,62,44.0,416.017,65.25,0.0,25.8333,17.4,Victorville,-117.29,34.54,CA
602,77,42.0,382.144,55.0769,0.0,18.1944,24.6,San Bernardino,-117.3,34.12,CA
603,58,30.0,309.15,47.2,3.11434,12.5,15.8,Camp Pendleton South,-117.33,33.22,CA
604,72,42.0,365.359,46.1429,0.0,17.625,22.3,Riverside,-117.4,33.94,CA
605,30,11.0,264.525,54.0,0.433996,0.826025,7.1,Spokane,-117.42,47.67,WA
606,23,1.88467,252.843,49.0844,0.108033,0.35009,1.34208,Winnemucca,-117.73,40.97,NV
607,79,42.0,317.022,28.6154,0.0,15.0,25.4,Irvine,-117.83,33.68,CA
608,21,5.87272,265.777,45.5976,0.64075,0.95187,2.8,La Grande,-118.09,45.32,OR
609,56,36.0,137.4,90.0,3.22238,10.0,15.0,Lancaster,-118.14,34.7,CA
610,79,36.0,273.369,37.1765,0.0,11.7105,25.4,Pasadena,-118.14,34.16,CA
611,79,27.0,260.079,35.1429,0.0,11.1667,25.4,Signal Hill,-118.16,33.79,CA
612,79,27.0,257.243,34.0,0.0,10.8824,25.4,Maywood,-118.18,33.99,CA
613,15,3.82802,277.877,14.0,0.479631,0.859494,3.6,Walla Walla,-118.34,46.07,WA
614,47,36.0,171.75,33.0,0.0,0.879576,11.2,Bishop,-118.39,37.36,CA
615,16,6.01828,299.156,26.0,0.646338,2.58116,3.9,Pendleton,-118.79,45.67,OR
616,21,9.29454,245.333,45.1505,0.419095,0.489992,3.3,John Day,-118.95,44.42,OR
617,50,38.0,274.8,47.4286,0.705943,15.625,12.0,Bakersfield,-119.02,35.37,CA
618,46,50.0,269.949,41.0,0.540167,1.09914,3.9,Kennewick,-119.14,46.21,WA
619,50,38.0,274.8,37.2,1.06171,18.75,12.0,Delano,-119.24,35.76,CA
620,46,50.0,274.122,41.0,0.555068,0.752392,3.9,Richland,-119.29,46.29,WA
621,67,47.0,335.038,44.4,1.07288,12.5,20.0,Visalia,-119.32,36.33,CA
622,67,47.0,301.659,46.8,1.06171,12.5,20.0,Tulare,-119.34,36.21,CA
623,25,15.0,294.566,34.2857,0.903383,0.99605,6.0,Mission Canyon,-119.72,34.43,CA
624,54,40.0,297.7,59.8,0.0,6.25,14.0,Carson City,-119.77,39.16,NV
625,50,29.0,223.275,38.0,1.25,10.3125,12.0,Fresno,-119.77,36.75,CA
626,54,40.0,297.7,58.2222,0.0,6.25,14.0,Reno,-119.82,39.53,NV
627,30,1.72299,252.008,64.8201,0.0713626,0.373519,1.29224,Wenatchee,-120.31,47.42,WA
628,29,10.0,287.056,38.0,1.25,0.0,7.0,Santa Maria,-120.44,34.94,CA
629,54,17.7298,320.017,46.0,1.07288,11.25,14.0,Merced,-120.48,37.3,CA
630,28,2.12199,251.174,59.9027,0.179978,0.546221,1.59149,Yakima,-120.5,46.6,WA
631,29,21.0,261.188,39.0,1.25,2.5,7.0,San Luis Obispo,-120.66,35.28,CA
632,29,21.0,261.188,53.5,0.230037,5.0,7.0,Paso Robles,-120.69,35.63,CA
633,61,35.0,91.6,39.3333,2.09361,10.625,17.0,Modesto,-120.99,37.66,CA
634,61,35.0,154.575,46.0,0.0,6.25,17.0,Stockton,-121.29,37.96,CA
635,17,2.41807,255.346,35.7628,0.442844,0.68947,1.81355,Bend,-121.31,44.07,OR
636,52,16.0,143.125,61.2727,0.0,3.33333,13.0,Sacramento,-121.47,38.58,CA
637,46,25.0,280.38,67.7143,1.0021,3.125,11.0,Yuba City,-121.62,39.14,CA
638,25,8.0,114.5,42.6667,0.854954,1.25,6.0,Salinas,-121.64,36.68,CA
639,23,2.99545,242.829,50.4255,0.207452,1.31869,2.24659,Klamath Falls,-121.78,42.23,OR
640,52,20.0,296.652,69.1116,1.01887,7.97911,13.0,Chico,-121.84,39.73,CA
641,19,6.0,329.188,41.3333,3.47942,5.625,4.5,Seven Trees,-121.85,37.3,CA
642,29,28.4689,114.5,42.0,0.854954,1.25,7.0,Monterey,-121.89,36.6,CA
643,56,28.3834,236.633,45.0,0.545755,3.75,15.0,Santa Cruz,-122.03,36.97,CA
644,21,17.7987,97.325,40.0,0.0,3.75,5.0,Lowell,-122.2,47.96,WA
645,21,6.0,313.921,45.1429,0.75,4.46429,4.5,Alameda,-122.22,37.77,CA
646,50,34.5399,320.6,46.1667,0.75,4.0,12.0,Vallejo,-122.26,38.11,CA
647,21,6.0,327.886,45.2308,0.75,4.51923,4.5,Berkeley,-122.27,37.87,CA
648,15,4.89821,259.101,30.0,0.193715,2.42854,3.67365,Mount Shasta,-122.31,41.31,CA
649,20,6.0,339.683,44.0,0.625,4.61538,4.5,San Mateo,-122.31,37.56,CA
650,25,17.6992,97.325,40.0,0.0,4.58333,6.0,South Seattle,-122.34,47.57,WA
651,29,10.6034,317.097,62.8,0.585802,2.48209,6.3,Redding,-122.39,40.59,CA
652,50,25.3546,321.745,45.8182,0.75,4.09091,12.0,Daly City,-122.46,37.74,CA
653,22,7.0,125.95,18.25,0.0,7.5,5.25,Bellingham,-122.49,48.76,WA
654,25,13.1986,97.325,29.0,0.0,4.58333,6.0,Sunrise Terrace Mobile Home Court,-122.52,47.21,WA
655,18,14.3959,281.215,23.6,0.0,4.375,4.4,Officers Row,-122.64,45.63,WA
656,25,9.17743,97.325,40.0,0.0,4.58333,6.0,Bremerton,-122.64,47.57,WA
657,18,14.3959,281.215,23.6,0.0,4.375,4.4,Portland,-122.68,45.52,OR
658,21,18.8764,223.275,43.0,0.538304,2.5,5.0,Santa Rosa,-122.7,38.45,CA
659,20,5.42417,263.691,44.0,0.4787,2.02155,4.06813,Medford,-122.87,42.33,OR
660,25,13.1986,289.142,18.0,2.29105,6.25,6.0,Olympia,-122.9,47.04,WA
661,18,10.3473,272.453,28.0,0.83819,5.92275,4.4,Longview,-122.94,46.14,WA
662,17,9.79021,278.294,18.0,1.94833,7.35791,4.2,Centralia,-122.95,46.72,WA
663,17,7.3971,257.015,14.0,0.444241,2.59723,4.2,North Springfield,-122.98,44.05,OR
664,20,11.9367,272.036,26.0,1.38395,4.4608,4.8,Salem,-123.02,44.93,OR
665,20,10.6345,270.367,26.0,1.41747,4.05381,4.8,Albany,-123.09,44.62,OR
666,17,8.64312,277.46,14.0,0.898726,3.51295,4.2,Eugene,-123.1,44.05,OR
667,52,16.055,297.487,36.0,0.225846,2.9935,13.0,Ukiah,-123.21,39.15,CA
668,17,10.6345,270.367,26.0,1.41747,4.05381,4.2,Corvallis,-123.28,44.57,OR
669,24,6.3894,292.063,35.1816,0.227941,2.67487,5.8,Grants Pass,-123.33,42.44,OR
670,28,7.06218,279.963,60.1709,0.614673,2.624,3.4,Roseburg,-123.36,43.22,OR
671,44,2.0,330.031,94.9502,0.0954606,2.2063,1.5,Mendocino,-123.8,39.31,CA
672,29,7.5087,256.181,63.0319,0.0917353,2.14472,2.0,South Aberdeen,-123.81,46.97,WA
673,29,10.3214,242.412,61.7802,0.433996,2.98815,1.7,Astoria,-123.83,46.19,OR
674,27,10.0233,229.895,58.3828,0.337604,1.968,3.3,Tillamook,-123.84,45.46,OR
675,35,38.0,338.376,47.0281,0.328757,2.79001,3.26222,Alliance,-124.09,40.89,CA
676,35,38.0,338.376,47.0281,0.328757,2.79001,3.26222,Eureka,-124.15,40.8,CA
677,30,5.51322,277.877,64.373,0.171829,1.18348,4.13492,Crescent City,-124.2,41.76,CA
678,24,8.97066,249.505,52.8395,0.246335,0.982662,3.0,Coos Bay,-124.22,43.37,OR
679,31,0.599333,256.598,66.1612,0.108383,4.12343,0.361958,Ketchikan,-131.66,55.36,AK
680,30,0.468836,250.34,65.7141,0.0108557,0.682776,0.262976,Wrangell,-132.37,56.47,AK
681,32,1.38953,256.598,68.2175,0.0791624,1.78057,0.79995,Hydaburg,-132.8,55.21,AK
682,38,7.0,264.525,82.2544,0.0661239,2.08046,5.25,Juneau,-134.42,58.31,AK
683,19,0.0855001,253.26,41.4848,0.0199361,1.59314,0.0846287,Skagway,-135.31,59.46,AK
684,32,0.519259,244.498,68.6646,0.0432483,2.29734,0.301666,Sitka,-135.33,57.06,AK
685,21,0.392906,239.491,45.2399,0.0181899,1.63331,0.288745,Hoonah,-135.44,58.12,AK
686,31,0.19921,257.015,67.5917,0.120141,0.483298,0.139026,Yakutat,-139.73,59.55,AK
687,29,0.0162288,243.247,61.959,0.00167165,0.142078,0.0162288,Eagle,-141.2,64.79,AK
688,32,0.000929433,281.632,69.1116,0.00405271,0.193788,0.000929433,Tanacross,-143.35,63.39,AK
689,22,0.687044,280.38,47.4751,0.0415021,2.04281e-05,0.619457,Kaktovik,-143.6,70.09,AK
690,28,0.0816842,283.301,60.1709,0.0224099,0.118649,0.0816842,Circle,-144.06,65.83,AK
691,24,0.32949,295.818,51.9454,0.0163564,0.00863929,0.32949,Fort Yukon,-145.27,66.56,AK
692,28,0.00602552,256.181,60.8861,0.00801811,0.236629,0.00602552,Gulkana,-145.38,62.27,AK
693,30,0.105498,257.015,64.2836,0.00528235,0.164502,0.105189,Cordova,-145.76,60.54,AK
694,29,0.0,254.095,63.6578,0.0027394,0.406988,0.0,Big Delta,-145.84,64.15,AK
695,19,0.0859402,235.319,40.5014,0.00451109,0.84209,0.0161785,Valdez,-146.35,61.14,AK
696,12,4.0,114.5,12.0,0.0,0.87556,3.0,Fairbanks,-147.71,64.84,AK
697,0,0.0,0.0,0.0,0.0,0.0,0.0,Prudhoe Bay,-148.67,70.29,AK
698,27,0.0414658,256.181,59.0086,0.00781438,0.577682,0.0180782,Whittier,-148.68,60.78,AK
699,32,0.00584385,238.24,69.648,0.0119617,0.186759,0.00584385,McKinley Park,-148.91,63.73,AK
700,32,0.00584385,238.24,69.648,0.0119617,0.186759,0.00584385,Cantwell,-148.95,63.39,AK
701,33,0.0325859,251.174,71.4362,0.0277068,0.152118,0.0325859,Nenana,-149.09,64.56,AK
702,27,7.0,249.505,57.7569,0.102445,0.965258,1.0,Palmer,-149.11,61.6,AK
703,27,7.0,229.0,57.7569,0.102445,0.965258,1.0,Wasilla,-149.44,61.58,AK
704,32,0.069099,266.194,69.7374,0.0399887,0.757747,0.0690094,The Lagoon,-149.47,60.13,AK
705,35,7.0,229.0,75.1019,0.168569,0.658678,1.0,Anchorage,-149.9,61.22,AK
706,32,0.0337519,264.943,68.5751,0.0189466,0.511413,0.0337519,Montana,-150.07,62.08,AK
707,15,0.000325052,267.029,31.516,0.00422006,0.102584,0.000325052,Wiseman,-150.11,67.41,AK
708,30,0.0168436,264.943,65.3565,0.00692671,0.377535,0.0168436,Talkeetna,-150.11,62.32,AK
709,33,0.106609,272.036,70.6315,0.0493601,1.18348,0.0434218,Kenai,-151.26,60.55,AK
710,28,0.056378,267.446,60.9756,0.0406872,0.808621,0.0556529,Homer,-151.55,59.64,AK
711,23,0.0835907,260.77,48.9056,0.0,1.07726e-08,0.0835907,Tanana,-152.08,65.17,AK
712,31,0.0798123,271.618,66.4294,0.0182481,0.00804312,0.0798123,Lake Minchumina,-152.31,63.88,AK
713,33,1.19683,239.491,72.3302,0.521541,0.540196,1.02425,Kodiak,-152.41,57.79,AK
714,21,0.174168,268.281,45.5528,0.0,0.000278476,0.174168,Allakaket,-152.65,66.57,AK
715,17,0.020304,264.525,37.5956,0.0,6.29401e-09,0.020304,Hughes,-154.25,66.05,AK
716,34,0.0339785,244.498,74.476,0.175321,0.498025,0.0339785,Karluk,-154.46,57.57,AK
717,33,0.0687971,251.591,70.7209,0.0220898,0.504719,0.0687971,Newhalen,-154.9,59.72,AK
718,42,12.5146,231.564,37.3274,1.66667,0.627217,10.0,Waikea,-155.09,19.7,HI
719,23,0.0299321,252.008,50.7832,0.00105865,0.000175191,0.0299321,McGrath,-155.6,62.96,AK
720,9,1.33308,209.868,19.4907,2.5,0.57969,0.999809,Kailua-Kona,-156,19.64,HI
721,25,22.0993,252.426,53.9124,0.0826549,0.106433,2.0,Wailuku,-156.5,20.89,HI
722,37,0.0278019,266.194,80.0192,0.0754371,0.406319,0.0278019,King Salmon,-156.66,58.69,AK
723,0,0.0,0.0,0.0,0.0,0.0,0.0,Barrow,-156.79,71.29,AK
724,18,0.437089,274.539,38.6685,0.00506407,7.13188e-09,0.437089,Kobuk,-156.88,66.91,AK
725,20,0.102588,286.221,42.4236,0.00208456,1.37052e-08,0.102588,Galena,-156.93,64.73,AK
726,18,0.079523,248.671,38.3109,0.0,0.000188592,0.079523,Red Devil,-157.31,61.76,AK
727,0,0.0,0.0,0.0,0.0,0.0,0.0,Atqasuk,-157.4,70.47,AK
728,32,0.429343,272.453,69.648,0.0415021,0.097396,0.379636,Pilot Point,-157.57,57.56,AK
729,18,0.153745,271.618,38.9814,0.00270302,4.50235e-05,0.153745,Koyukuk,-157.7,64.88,AK
730,20,0.168594,264.108,43.9435,0.0216532,6.16434e-09,0.168594,Ambler,-157.85,67.09,AK
731,19,6.0,229.0,42.0,0.0,3.75,3.0,Chinatown,-157.86,21.31,HI
732,19,6.0,229.0,42.0,0.0,3.75,3.0,Wahiaw,-158.02,21.5,HI
733,30,1.04493,248.671,65.5353,0.0494183,0.0952205,0.740551,Chignik,-158.4,56.3,AK
734,35,0.0423934,249.922,75.0124,0.0459258,0.309592,0.0423934,Dillingham,-158.48,59.06,AK
735,30,0.76193,267.446,65.2671,0.0905711,0.0778164,0.588861,Port Heiden,-158.63,56.95,AK
736,15,0.187155,257.85,33.0806,0.0,3.33795e-05,0.186863,Kaltag,-158.72,64.33,AK
737,27,0.975492,265.777,57.9357,0.0112923,0.0215459,0.640004,Perryville,-159.15,55.92,AK
738,27,15.1043,238.24,59.4556,0.0755535,0.24667,3.89212,Lihue,-159.37,21.98,HI
739,25,0.0260582,246.167,54.8959,0.00455475,0.00393265,0.0260582,Aniak,-159.52,61.58,AK
740,24,0.0153259,267.029,51.4984,0.0036016,0.00731097,0.0153259,Nyac,-159.94,61,AK
741,21,0.3583,293.732,44.3459,0.0162108,0.00125902,0.358282,Selawik,-160.01,66.6,AK
742,0,0.0,0.0,0.0,0.0,0.0,0.0,Wainwright,-160.04,70.64,AK
743,35,0.131222,252.008,74.7442,0.0486034,0.192114,0.101948,Togiak,-160.38,59.07,AK
744,28,1.06379,253.26,61.4226,0.116532,0.0880245,0.752731,Sand Point,-160.5,55.34,AK
745,23,0.109764,290.394,49.4421,0.00100772,0.0237214,0.106482,Unalakleet,-160.79,63.87,AK
746,21,0.247934,280.797,46.3128,0.00235741,0.00102369,0.247712,Koyuk,-161.16,64.94,AK
747,31,0.0402397,267.863,66.9658,0.0178406,0.0777327,0.0402397,Goodnews Bay,-161.59,59.12,AK
748,15,0.315933,255.346,32.8571,0.0117143,0.0105638,0.315933,Bethel,-161.76,60.79,AK
749,26,0.025304,257.85,55.7005,0.00409636,0.0142454,0.025304,Quinhagak,-161.92,59.75,AK
750,25,0.271802,286.639,53.2866,0.0289001,0.000161627,0.233944,Kotzebue,-162.6,66.9,AK
751,29,1.50057,240.743,62.2272,0.105356,0.122665,0.965782,Cold Bay,-162.72,55.2,AK
752,31,1.26488,237.405,65.9823,0.118511,0.120155,0.845524,False Pass,-163.42,54.85,AK
753,16,0.979631,276.625,35.6734,0.00394357,0.0421714,0.869708,Kotlik,-163.55,63.03,AK
754,21,0.174888,274.956,45.9552,0.000275577,0.0328419,0.169658,Mountain Village,-163.73,62.09,AK
755,25,0.231112,275.791,53.4654,0.0133441,0.00893215,0.23066,Kivalina,-164.49,67.73,AK
756,19,2.45042,277.46,40.4119,0.116765,0.0186801,1.58731,Emmonak,-164.52,62.78,AK
757,20,0.671356,262.439,42.96,0.00606815,0.0393266,0.573239,Tununak,-165.26,60.59,AK
758,15,0.422215,282.049,33.17,0.00561704,0.394939,0.420703,Nome,-165.41,64.51,AK
759,22,1.67437,275.373,47.8327,0.139698,0.0127184,1.21057,Shishmaref,-166.07,66.26,AK
760,26,1.66891,272.87,56.237,0.134809,0.0693653,0.902978,Hooper Bay,-166.1,61.53,AK
761,22,1.34563,265.777,48.1904,0.0982545,0.0572327,0.954441,Mekoryuk,-166.19,60.39,AK
762,24,1.6132,270.784,52.3925,0.0486616,0.0873551,1.29476,Teller,-166.36,65.26,AK
763,32,2.64726,243.247,68.2175,0.680797,2.07243,2.29291,Unalaska,-166.53,53.87,AK
764,23,1.84962,261.188,49.7103,0.092783,0.0413347,1.5463,Point Hope,-166.81,68.35,AK
765,25,3.11355,271.201,54.5382,0.257045,0.262065,2.24586,Wales,-168.09,65.61,AK
766,40,2.48836,271.618,85.6519,0.319909,0.197469,1.20052,Nikolski,-168.87,52.94,AK
767,27,0.600378,274.122,57.4887,0.0805594,0.118482,0.557746,Gambell,-171.73,63.78,AK
768,35,2.93009,247.419,76.2641,0.444241,0.61249,1.68044,Atka,-174.2,52.2,AK
